Codigo;Tipo;Externo;Interno;Altura
1092;TEFLON;101.6;6.9;2.4
1093;TEFLON;114.3;9.3;3.8
1095;TEFLON;82.55;6.9;2.4
1096;TEFLON;101.6;9.3;3.2
1097;TEFLON;165.0;9.3;4.0
1098;TEFLON;107.95;6.2;3.0
1099;TEFLON;127.0;6.9;2.3
1100;TEFLON;76.2;6.9;2.4
1101;TEFLON;127.0;9.3;3.2
1102;TEFLON;88.9;6.9;2.3
1103;TEFLON;63.5;6.9;2.4
1104;TEFLON;114.3;6.9;2.4
1106;TEFLON;152.4;9.3;4.0
1107;TEFLON;52.0;6.3;3.0
1108;TEFLON;101.6;10.7;3.2
1109;TEFLON;76.2;10.7;3.2
1110;TEFLON;63.5;10.7;3.2
1111;TEFLON;88.9;10.7;3.2
1112;TEFLON;91.0;6.2;3.2
1119;TEFLON;76.2;6.35;3.2
1123;TEFLON;35.75;45.0;2.0
1124;TEFLON;42.1;45.0;2.0
1125;TEFLON;54.8;45.0;2.0
1126;TEFLON;67.5;45.0;2.0
1268;TEFLON;125.0;7.0;2.5
1288;TEFLON;114.3;6.2;3.8
1289;TEFLON;120.65;6.2;3.3
1290;TEFLON;139.7;9.3;3.2
1293;TEFLON;184.15;9.3;3.8
1303;TEFLON;100.0;6.2;3.2
1304;TEFLON;211.0;9.3;3.8
1305;TEFLON;88.9;4.76;3.0
1306;TEFLON;76.0;4.8;3.0
1318;TEFLON;130.0;7.0;2.4
1355;TEFLON;212.7;4.8;6.5
1356;TEFLON;170.0;4.7;5.5
1372A;TEFLON;107.95;6.1;3.05
1373A;TEFLON;131.0;6.1;3.3
1374A;TEFLON;166.0;7.9;4.6
1402;TEFLON;63.5;5.7;2.0
1415;TEFLON;93.0;6.0;3.5
1487;TEFLON;86.0;6.0;3.5
1654;TEFLON;139.7;8.0;3.2
1680;TEFLON;65.0;6.3;2.9
1682;TEFLON;77.78;11.0;3.2
1683;TEFLON;152.4;10.7;3.2
1684;TEFLON;127.0;10.7;3.2
1685;TEFLON;114.3;10.7;3.2
1696;TEFLON;45.0;2.3;2.5
1698;TEFLON;105.0;2.5;5.0
1778;TEFLON;99.0;6.0;2.6
1779;TEFLON;109.0;6.0;2.5
1846;TEFLON;80.0;4.8;2.0
1870;TEFLON;125.0;6.3;3.2
1898;TEFLON;71.0;5.7;2.0
1964;TEFLON;110.0;8.0;3.0
3004;TEFLON;58.0;3.8;2.0
3022;TEFLON;125.0;8.0;3.2
3069;TEFLON;101.6;6.0;3.6
3070;TEFLON;111.0;6.0;3.6
3071;TEFLON;82.0;5.8;2.5
3072;TEFLON;76.0;5.8;2.2
3073;TEFLON;50.0;4.6;2.0
3101;TEFLON;88.0;7.5;2.5
3103;TEFLON;114.0;7.5;2.5
3155;TEFLON;70.0;6.9;2.4
3166;TEFLON;135.0;9.5;3.5
3173;TEFLON;125.0;9.5;2.6
3201;TEFLON;95.25;6.9;2.4
3202;TEFLON;108.0;6.9;2.4
3260;TEFLON;101.6;6.0;2.4
3287;TEFLON;101.6;6.2;3.0
3310;TEFLON;88.9;6.9;2.5
3311;TEFLON;107.95;6.0;3.0
3408;TEFLON;134.0;8.0;5.0
3413;TEFLON;144.5;8.0;5.0
3497;TEFLON;135.0;2.0;5.0
3503;TEFLON;70.9;4.0;2.7
3512;TEFLON;125.0;7.9;5.0
3525;TEFLON;120.0;7.8;5.0
3548;TEFLON;151.0;8.6;2.9
3550;TEFLON;130.0;6.3;2.9
3551;TEFLON;160.0;6.3;2.8
3557;TEFLON;190.0;6.5;2.8
3564;TEFLON;108.0;15.0;2.5
3589;TEFLON;158.7;8.0;4.0
3648;TEFLON;60.8;4.0;2.7
3651;TEFLON;130.0;9.5;3.55
3654;TEFLON;70.0;5.5;2.5
3657;TEFLON;140.0;9.5;3.5
3660;TEFLON;160.0;9.5;3.5
3676;TEFLON;178.0;9.3;3.5
3689;TEFLON;101.6;7.0;3.0
3726;TEFLON;129.5;8.0;5.0
3749;TEFLON;150.0;7.8;5.0
4028;TEFLON;90.0;7.0;2.5
4031;TEFLON;140.0;8.0;5.0
4054;TEFLON;110.0;8.0;5.0
4105;TEFLON;160.0;7.9;4.0
4112;TEFLON;76.0;4.0;3.0
4113;TEFLON;80.0;5.9;3.0
4114;TEFLON;85.0;5.9;3.0
4115;TEFLON;90.0;5.9;3.5
4116;TEFLON;95.0;5.9;3.5
4117;TEFLON;100.0;5.9;3.5
4118;TEFLON;120.0;5.9;3.5
4119;TEFLON;140.0;7.9;3.5
4145;TEFLON;88.9;9.5;3.2
4168;TEFLON;88.9;8.0;2.5
4208;TEFLON;151.0;7.9;4.41
4273;TEFLON;160.0;7.9;3.5
4284;TEFLON;82.5;5.9;3.45
4325;TEFLON;82.55;6.9;2.4
4356;TEFLON;230.0;9.0;3.2
4369;TEFLON;251.0;7.9;4.6
4371;TEFLON;281.0;7.9;4.6
4373;TEFLON;125.0;6.0;3.5
4378;TEFLON;159.1;8.1;6.0
4452;TEFLON;176.0;7.9;4.6
4478;TEFLON;178.8;7.9;4.6
4521;TEFLON;181.0;7.9;4.6
4547;TEFLON;191.0;7.9;4.6
4586;TEFLON;196.6;7.9;4.6
4625;TEFLON;139.7;8.0;2.9
4650;TEFLON;201.0;7.9;4.6
4706;TEFLON;221.0;7.9;4.61
4790;TEFLON;231.0;7.9;4.6
4813;TEFLON;145.3;7.9;4.65
4825;TEFLON;204.2;7.9;4.6
4850;TEFLON;141.1;6.0;3.3
5062;TEFLON;19.0;1.0;2.2
5065;TEFLON;290.4;4.0;2.7
5081;TEFLON;28.0;1.5;2.0
5097;TEFLON;44.45;3.8;2.3
5122;TEFLON;52.0;3.2;2.0
5125;TEFLON;32.0;4.0;2.2
5129;TEFLON;81.0;5.9;3.45
5179;TEFLON;101.6;5.8;2.4
5190;TEFLON;51.5;4.55;1.65
5193;TEFLON;115.0;1.9;5.0
5198;TEFLON;63.5;4.7;3.0
5207;TEFLON;63.5;3.0;1.5
5210;TEFLON;38.1;3.5;3.0
5211;TEFLON;22.0;1.2;1.5
5213;TEFLON;24.0;2.2;1.0
5216;TEFLON;107.95;3.8;2.2
5223;TEFLON;33.4;0.5;8.3
5225;TEFLON;88.9;3.8;2.4
5229;TEFLON;22.0;2.3;1.5
5232;TEFLON;30.0;2.4;1.0
5234;TEFLON;76.2;3.8;2.4
5243;TEFLON;11.3;1.9;0.8
5244;TEFLON;30.8;0.8;2.0
5252;TEFLON;26.5;1.0;2.0
5257;TEFLON;63.0;2.1;6.2
5258;TEFLON;111.0;3.7;3.9
5263;TEFLON;45.0;4.0;2.2
5265;TEFLON;25.4;0.8;3.3
5277;TEFLON;101.6;3.8;2.4
5282;TEFLON;20.0;0.5;2.1
5284;TEFLON;60.0;0.8;7.5
5285;TEFLON;22.5;1.8;1.8
5291;TEFLON;76.2;7.94;3.18
5292;TEFLON;40.0;1.5;3.0
5293;TEFLON;50.8;3.0;3.0
5296;TEFLON;54.0;3.5;3.2
5298;TEFLON;140.0;15.8;3.7
5308;TEFLON;114.0;2.5;5.0
5316;TEFLON;26.5;1.0;2.6
5333;TEFLON;108.0;1.2;3.2
5340;TEFLON;44.5;1.2;2.5
5356;TEFLON;69.85;4.0;2.3
5357;TEFLON;42.7;2.5;2.45
5372;TEFLON;52.0;1.5;4.8
5374;TEFLON;49.2;2.5;1.8
5379;TEFLON;153.6;8.1;4.2
5392;TEFLON;19.0;1.3;2.2
5403;TEFLON;16.0;1.2;2.2
5410;TEFLON;69.85;3.8;2.2
5413;TEFLON;54.0;3.0;1.7
5415;TEFLON;79.4;6.9;2.4
5423;TEFLON;79.4;1.2;3.0
5424;TEFLON;85.0;1.3;2.9
5440;TEFLON;38.1;3.5;3.0
5455;TEFLON;44.45;4.5;3.2
5482;TEFLON;95.25;3.8;2.4
5483;TEFLON;100.0;1.3;3.0
5484;TEFLON;109.5;1.2;3.0
5485;TEFLON;79.37;2.0;3.5
5486;TEFLON;31.8;1.3;3.0
5488;TEFLON;60.3;3.0;3.0
5502;TEFLON;38.5;1.2;2.0
5503;TEFLON;40.0;1.4;2.0
5510;TEFLON;63.5;3.0;3.0
5511;TEFLON;50.8;4.5;3.15
5512;TEFLON;64.5;1.9;2.3
5513;TEFLON;113.5;2.8;2.0
5515;TEFLON;76.2;6.9;2.4
5520;TEFLON;40.0;4.8;2.0
5521;TEFLON;20.0;1.3;2.0
5523;TEFLON;52.0;3.8;2.0
5524;TEFLON;40.0;5.0;1.7
5532;TEFLON;15.5;3.0;1.2
5538;TEFLON;63.5;4.0;2.6
5541;TEFLON;22.0;0.8;2.0
5543;TEFLON;71.0;1.5;2.5
5544;TEFLON;111.0;1.2;2.5
5545;TEFLON;90.0;1.3;2.4
5547;TEFLON;25.4;1.2;2.5
5548;TEFLON;39.0;3.7;2.0
5553;TEFLON;65.0;4.0;2.7
5554;TEFLON;38.1;3.0;2.2
5557;TEFLON;120.0;1.5;2.5
5558;TEFLON;119.0;6.3;2.7
5615;TEFLON;48.0;6.0;2.7
5616;TEFLON;27.0;1.3;3.0
5625;TEFLON;75.0;4.0;2.6
5632-2;TEFLON;89.0;5.2;2.0
5640;TEFLON;76.0;2.9;3.0
5644;TEFLON;26.97;25.0;2.32
5645;TEFLON;101.6;6.7;3.2
5646;TEFLON;88.9;5.9;2.4
5647;TEFLON;114.3;5.9;2.4
5654;TEFLON;124.61;1.7;2.62
5658;TEFLON;75.0;1.5;2.5
5680;TEFLON;127.0;8.0;3.2
5682;TEFLON;125.0;6.0;3.5
5683;TEFLON;143.0;8.0;4.8
5687;TEFLON;71.0;6.5;3.0
5688;TEFLON;50.0;6.0;2.4
5689;TEFLON;101.6;7.95;3.18
5690;TEFLON;114.3;7.95;3.18
5722;TEFLON;82.5;6.0;3.2
5731;TEFLON;140.0;1.2;2.5
5732;TEFLON;160.0;2.0;5.0
5735;TEFLON;52.4;4.0;2.8
5736;TEFLON;127.0;7.0;3.2
5740;TEFLON;160.0;6.0;4.0
5750;TEFLON;60.1;1.9;2.9
5751;TEFLON;36.6;4.1;6.9
5765;TEFLON;74.2;2.0;2.35
5797;TEFLON;89.0;9.4;3.0
5859;TEFLON;50.8;3.2;1.6
5860;TEFLON;120.65;6.9;2.5
5861;TEFLON;44.5;3.0;1.6
5879;TEFLON;55.5;4.0;2.6
5883;TEFLON;72.0;4.0;2.7
5893;TEFLON;80.0;3.8;2.6
5895;TEFLON;120.0;10.0;4.0
5897;TEFLON;132.2;1.1;2.9
5902;TEFLON;22.5;0.7;2.5
5905;TEFLON;46.0;6.1;3.3
5908;TEFLON;63.0;3.8;2.8
5915;TEFLON;18.0;1.3;2.0
5917;TEFLON;134.0;7.0;3.5
5945;TEFLON;79.37;7.5;2.4
5947;TEFLON;125.0;2.0;5.0
5949;TEFLON;45.0;4.5;2.2
5950;TEFLON;32.0;3.5;1.8
5972;TEFLON;135.0;7.15;3.5
5975;TEFLON;76.2;9.3;3.2
5982;TEFLON;50.0;4.7;2.0
5987;TEFLON;61.0;1.5;5.2
5989;TEFLON;65.0;1.5;7.2
5991;TEFLON;28.2;31.5;3.5
5993;TEFLON;58.0;3.6;1.0
5994;TEFLON;75.0;1.7;9.0
5998;TEFLON;70.0;1.7;6.0
6006;TEFLON;125.0;4.8;3.5
6007;TEFLON;30.0;5.5;2.5
6021;TEFLON;44.0;4.5;2.0
6032;TEFLON;172.45;7.9;8.1
6048;TEFLON;42.9;2.2;1.85
6063;TEFLON;63.0;6.0;3.5
6087;TEFLON;105.0;7.0;2.3
6104;TEFLON;96.0;3.1;3.0
6105;TEFLON;101.6;7.1;4.2
6114;TEFLON;115.0;6.0;3.5
6116;TEFLON;109.0;7.0;2.6
6122;TEFLON;100.0;1.3;2.4
6125;TEFLON;63.5;4.9;1.9
6127;TEFLON;136.95;2.8;3.8
6142;TEFLON;129.0;6.0;3.5
6148;TEFLON;105.0;6.0;2.5
6153;TEFLON;105.0;1.2;2.3
6178;TEFLON;89.0;3.8;2.2
6192;TEFLON;82.5;9.3;3.2
6201;TEFLON;85.0;5.8;2.5
6207;TEFLON;82.0;4.0;2.3
6213;TEFLON;60.4;4.0;3.0
6240;TEFLON;82.55;3.0;3.0
6244;TEFLON;50.8;4.5;3.8
6245;TEFLON;63.0;4.5;3.8
6246;TEFLON;32.0;4.0;3.0
6247;TEFLON;64.0;7.0;2.3
6248;TEFLON;44.45;3.2;1.6
6253;TEFLON;94.0;5.8;2.5
6256;TEFLON;125.0;6.0;2.5
6257;TEFLON;105.0;6.2;2.5
6259;TEFLON;35.5;2.2;2.0
6288;TEFLON;57.5;4.0;2.8
6289;TEFLON;63.4;3.0;1.85
6290;TEFLON;75.6;4.0;2.67
6292;TEFLON;89.2;6.1;3.3
6294;TEFLON;99.0;8.2;1.5
6306;TEFLON;130.0;7.9;2.9
6307;TEFLON;190.0;7.9;2.8
6337;TEFLON;51.0;2.9;1.6
6345;TEFLON;84.5;4.8;2.5
6347;TEFLON;70.0;4.6;3.0
6358;TEFLON;73.5;6.0;3.5
6399;TEFLON;70.0;4.7;2.5
6478;TEFLON;80.0;8.0;3.0
6487;TEFLON;94.65;6.1;3.2
6494;TEFLON;75.0;6.0;2.5
6500;TEFLON;70.0;6.9;2.4
6501;TEFLON;88.9;6.9;2.3
6502;TEFLON;127.0;6.9;2.3
6503;TEFLON;101.6;6.9;2.4
6504;TEFLON;114.3;6.9;2.4
6540;TEFLON;135.0;8.0;3.5
6577;TEFLON;50.0;6.0;3.0
6578;TEFLON;50.8;3.5;3.2
6579;TEFLON;79.0;5.5;2.55
6593;TEFLON;24.3;1.3;2.0
6630;TEFLON;82.5;9.3;3.2
6631;TEFLON;109.0;4.0;1.7
6640;TEFLON;44.2;1.0;3.0
6648;TEFLON;95.0;3.0;7.5
6666;TEFLON;58.0;4.2;2.0
6681;TEFLON;51.7;1.2;3.0
6682;TEFLON;96.7;3.6;3.0
6692;TEFLON;120.0;2.5;4.0
6700;TEFLON;108.0;6.9;2.4
6707;TEFLON;137.0;143.5;1.2
6715;TEFLON;40.0;6.0;2.4
6716;TEFLON;63.5;8.0;3.2
6718;TEFLON;76.2;8.0;3.0
6725;TEFLON;60.9;2.9;3.0
6743;TEFLON;51.4;3.9;2.6
6746;TEFLON;243.9;4.0;2.7
6747;TEFLON;201.6;4.0;2.8
6748;TEFLON;232.0;4.0;2.8
6749;TEFLON;189.1;4.0;2.7
6753;TEFLON;245.72;1.5;3.5
6757;TEFLON;275.4;4.0;2.7
6759;TEFLON;96.25;6.1;3.3
6770;TEFLON;122.0;3.0;1.5
6782;TEFLON;76.2;3.2;2.4
6825;TEFLON;70.0;5.6;3.5
6841;TEFLON;63.5;3.0;3.0
6848;TEFLON;132.0;2.6;4.5
6849;TEFLON;40.3;4.5;3.8
6893;TEFLON;165.1;8.0;3.17
6895;TEFLON;158.75;8.0;3.17
6897;TEFLON;152.4;8.0;3.17
6905;TEFLON;125.0;5.8;2.5
6907;TEFLON;111.5;6.5;2.0
6912;TEFLON;100.2;7.8;2.4
6926;TEFLON;143.5;8.0;3.2
6983;TEFLON;70.0;5.9;3.3
8020;TEFLON;25.4;1.2;1.5
8022T;TEFLON;25.86;1.24;1.35
8023T;TEFLON;30.0;1.2;1.3
8109;TEFLON;12.2;1.2;2.2
8116;TEFLON;23.79;1.34;2.18
8132;TEFLON;49.5;1.2;2.0
8132T;TEFLON;49.5;1.2;2.0
8229T;TEFLON;66.88;1.27;3.0
8333T;TEFLON;73.02;1.35;4.76
9001;TEFLON;64.0;7.0;2.3
9007;TEFLON;50.0;2.0;1.3
9009;TEFLON;38.0;4.0;2.5
9010;TEFLON;40.0;4.7;2.0
9014;TEFLON;38.2;4.1;3.0
9016;TEFLON;50.8;1.1;1.9
9017;TEFLON;26.0;1.2;1.5
9019;TEFLON;25.4;3.1;2.0
9020;TEFLON;23.5;0.8;1.4
9021;TEFLON;7.0;1.3;1.4
9022;TEFLON;23.5;1.2;1.4
9023;TEFLON;8.0;1.2;1.1
9024;TEFLON;32.0;1.2;2.0
9025;TEFLON;76.0;1.3;3.0
9043;TEFLON;71.0;4.0;2.0
9044;TEFLON;140.4;3.1;7.0
9048;TEFLON;33.0;2.2;0.8
9055;TEFLON;38.1;3.5;2.5
9076;TEFLON;40.0;0.8;2.5
9085;TEFLON;65.8;6.1;2.8
9086;TEFLON;28.0;3.0;1.65
9087;TEFLON;54.0;3.0;3.2
9089;TEFLON;91.0;1.35;3.0
9095;TEFLON;12.5;3.4;2.0
9098;TEFLON;32.0;1.9;1.8
9101;TEFLON;50.5;3.5;3.65
9102;TEFLON;94.1;1.7;7.3
9106;TEFLON;99.5;1.3;2.5
9125;TEFLON;73.0;3.0;6.25
9130;TEFLON;53.8;3.15;3.5
9161;TEFLON;100.0;6.9;2.4
9164;TEFLON;80.0;3.0;3.0
9165;TEFLON;84.5;2.5;3.65
9169;TEFLON;41.8;6.0;2.5
9170;TEFLON;76.2;8.8;2.4
9178;TEFLON;169.0;1.9;5.0
9185;TEFLON;27.3;1.0;2.0
9187;TEFLON;48.5;3.9;2.55
9192;TEFLON;25.8;1.3;2.9
9195;TEFLON;41.0;1.0;3.0
9202;TEFLON;158.0;2.0;3.0
9208;TEFLON;212.0;2.5;4.5
9209;TEFLON;86.0;1.5;2.5
9224;TEFLON;14.0;0.6;1.5
9229;TEFLON;80.0;6.2;2.5
9233;TEFLON;31.0;1.3;3.0
9236;TEFLON;22.0;1.3;2.0
9243;TEFLON;48.5;1.3;2.5
9244;TEFLON;111.5;2.0;5.0
9251;TEFLON;64.8;1.3;2.5
9258;TEFLON;77.0;1.5;2.5
9260;TEFLON;56.5;1.7;4.5
9267;TEFLON;88.5;1.7;4.8
9274;TEFLON;24.0;1.1;1.8
9275;TEFLON;86.0;2.2;4.8
9286;TEFLON;81.5;1.5;3.5
9289;TEFLON;57.0;0.9;7.2
9295;TEFLON;31.5;3.0;0.8
9296;TEFLON;14.0;1.3;1.5
9298;TEFLON;14.5;1.3;1.5
9299;TEFLON;26.5;0.8;3.0
9300;TEFLON;33.2;1.2;2.0
9301;TEFLON;15.2;1.0;1.6
9302;TEFLON;21.0;1.6;1.0
9305;TEFLON;98.0;1.3;2.8
9306;TEFLON;127.8;1.3;2.7
9307;TEFLON;114.0;1.3;2.7
9309;TEFLON;69.5;2.9;3.0
9312;TEFLON;70.0;1.3;2.8
9319;TEFLON;27.0;2.0;2.5
9322;TEFLON;40.0;1.5;2.5
9328;TEFLON;15.2;1.3;2.0
9344;TEFLON;69.5;1.2;2.4
9345;TEFLON;70.0;2.0;5.0
9346;TEFLON;85.0;2.0;5.0
9347;TEFLON;110.0;2.0;5.0
9348;TEFLON;80.0;2.0;5.0
9349;TEFLON;95.0;2.0;5.0
9350;TEFLON;120.0;2.0;5.0
9357;TEFLON;128.2;1.2;2.5
9363;TEFLON;138.0;3.0;3.5
9389;TEFLON;39.9;4.5;3.2
9395;TEFLON;30.0;2.7;1.55
9398;TEFLON;43.4;6.0;2.5
9403;TEFLON;151.0;6.0;3.3
9407;TEFLON;127.0;8.8;2.5
9411;TEFLON;18.5;0.85;1.35
9412;TEFLON;11.0;1.2;1.5
9417;TEFLON;70.9;3.0;2.65
9427;TEFLON;100.0;7.5;3.0
9430;TEFLON;121.0;7.0;3.3
9432;TEFLON;16.4;1.75;0.65
9434;TEFLON;32.7;2.5;1.85
9439;TEFLON;35.5;1.5;1.5
9446;TEFLON;38.3;2.0;1.0
9447;TEFLON;57.0;4.6;3.2
9464;TEFLON;13.2;1.75;0.65
9465;TEFLON;102.0;1.3;3.0
9468;TEFLON;69.0;5.0;2.3
9479;TEFLON;116.0;1.0;3.0
9485;TEFLON;10.0;1.9;1.0
9504;TEFLON;95.25;6.9;3.17
9506;TEFLON;63.5;6.0;3.2
9507;TEFLON;88.9;6.0;3.2
9515;TEFLON;127.0;9.5;4.0
9516;TEFLON;95.25;6.0;2.4
9519;TEFLON;18.5;1.2;1.35
9529;TEFLON;41.5;2.0;1.1
9530;TEFLON;13.5;0.8;0.8
9531;TEFLON;45.3;2.25;2.0
9533;TEFLON;9.0;1.7;0.6
9534;TEFLON;40.0;1.3;2.4
9536;TEFLON;29.0;2.3;1.5
9549;TEFLON;13.0;1.9;1.0
9550;TEFLON;25.2;4.7;1.75
9551;TEFLON;36.5;0.8;2.2
9554;TEFLON;55.5;4.0;2.6
9564;TEFLON;51.0;4.2;2.0
9567;TEFLON;76.0;7.0;4.0
9568;TEFLON;88.6;1.2;3.0
9574;TEFLON;30.0;0.8;1.85
9575;TEFLON;82.5;4.65;3.0
9577;TEFLON;89.0;7.4;3.0
9588;TEFLON;101.6;1.3;3.3
9596;TEFLON;25.4;3.2;1.8
9599;TEFLON;46.5;1.3;3.0
9600;TEFLON;71.5;1.3;3.0
9601;TEFLON;82.0;3.6;3.0
9602;TEFLON;114.0;3.6;3.0
9605;TEFLON;46.5;2.4;3.0
9606;TEFLON;50.5;6.1;2.5
9607;TEFLON;57.0;1.3;3.2
9609;TEFLON;28.0;3.2;1.85
9615;TEFLON;20.2;3.3;1.2
9667;TEFLON;22.0;1.8;0.8
9669;TEFLON;28.7;1.4;1.35
9670;TEFLON;45.0;2.9;2.9
9682;TEFLON;38.7;2.3;1.5
9688;TEFLON;41.8;5.3;2.5
9689;TEFLON;40.4;3.9;2.6
9693;TEFLON;42.8;3.0;1.6
9694;TEFLON;45.4;3.5;1.3
9696;TEFLON;133.6;1.3;2.3
9700;TEFLON;6.0;1.2;1.6
9707;TEFLON;37.3;1.0;1.65
9714;TEFLON;37.3;2.0;1.65
9716;TEFLON;202.0;7.9;5.0
9721;TEFLON;6.2;1.4;1.55
9732;TEFLON;36.8;1.2;2.2
9733;TEFLON;57.4;3.0;3.2
9740;TEFLON;12.0;3.5;2.0
9743;TEFLON;59.0;1.3;2.5
9744;TEFLON;19.6;3.2;1.8
9749;TEFLON;25.5;3.0;1.6
9750;TEFLON;39.0;3.0;1.8
9751;TEFLON;139.1;1.3;2.9
9752;TEFLON;160.0;9.7;4.0
9755;TEFLON;63.5;6.0;3.17
9757;TEFLON;12.7;3.5;2.5
9759;TEFLON;12.2;1.9;0.6
9761;TEFLON;60.8;4.0;2.85
9776;TEFLON;90.0;7.5;5.0
9777;TEFLON;15.5;1.4;1.4
9786;TEFLON;70.0;6.2;3.0
9790;TEFLON;20.2;2.9;1.65
9801;TEFLON;24.8;1.1;2.0
9803;TEFLON;48.5;2.9;2.25
9808;TEFLON;64.5;4.0;2.0
9809;TEFLON;31.7;6.7;2.2
9832;TEFLON;63.2;1.3;3.0
9838;TEFLON;38.0;9.5;2.5
9842;TEFLON;50.2;4.1;2.5
9843;TEFLON;35.5;5.0;2.0
9845;TEFLON;89.0;3.1;3.0
9849;TEFLON;57.3;3.8;2.7
9852;TEFLON;40.0;4.0;2.3
9861;TEFLON;112.0;6.1;3.3
9862;TEFLON;53.7;4.0;2.5
9863;TEFLON;64.0;4.0;2.5
9864;TEFLON;14.5;1.15;2.0
9865;TEFLON;40.0;4.5;2.0
9872;TEFLON;13.0;0.6;1.0
9879;TEFLON;105.0;3.0;1.85
9880;TEFLON;80.0;1.25;2.5
9881;TEFLON;22.0;1.2;1.35
9883;TEFLON;24.0;1.5;4.13
9886;TEFLON;26.0;2.5;5.0
9889;TEFLON;27.75;1.5;4.0
9892;TEFLON;30.0;1.9;5.0
9913;TEFLON;35.5;2.2;2.0
9915;TEFLON;28.5;4.0;1.85
9929;TEFLON;72.6;2.0;4.8
9931;TEFLON;45.0;4.0;2.5
9932;TEFLON;50.8;6.0;1.9
9935;TEFLON;75.5;6.0;3.5
9943;TEFLON;32.0;3.0;1.7
9944;TEFLON;57.3;2.9;2.7
9947;TEFLON;25.3;3.0;1.5
9948;TEFLON;32.4;3.0;2.0
9954;TEFLON;51.5;3.8;2.2
9959;TEFLON;38.1;4.0;2.8
9962;TEFLON;12.7;1.8;0.8
9966;TEFLON;16.3;3.0;1.65
9975;TEFLON;7.5;12.5;1.3
9977;TEFLON;38.0;1.3;2.8
AG7069;TEFLON;140.0;6.0;4.0
AG7071;TEFLON;140.0;2.0;4.5
AG7074;TEFLON;88.9;6.0;3.5
AG7110;TEFLON;127.0;7.0;4.2
AG7118;TEFLON;57.15;3.2;1.4
AG7127;TEFLON;75.0;2.5;3.1
AG7129;TEFLON;117.0;8.0;3.17
AG7157;TEFLON;110.0;6.9;2.8
AG7168;TEFLON;100.0;2.0;4.8
AG7169;TEFLON;80.0;3.0;5.0
AG7171;TEFLON;85.0;3.0;5.0
AG7173;TEFLON;115.0;3.0;3.0
AG7175;TEFLON;45.0;3.0;1.8
AG7189;TEFLON;88.9;8.0;3.2
AG7219;TEFLON;127.0;6.1;3.2
AG7237;TEFLON;127.0;9.3;3.2
AG7238;TEFLON;76.0;6.3;3.0
AG7242;TEFLON;202.0;3.2;3.5
AG7245;TEFLON;78.0;3.0;6.3
AG7251;TEFLON;90.2;5.9;3.0
AG7252;TEFLON;76.2;9.3;3.2
AG7253;TEFLON;101.6;9.3;3.2
AG7262;TEFLON;95.0;2.5;5.0
AG7264;TEFLON;68.0;3.0;2.25
AG7266;TEFLON;65.0;1.5;4.5
AG7276;TEFLON;32.0;4.7;1.7
AG7280;TEFLON;76.2;6.1;2.4
AG7320;TEFLON;50.0;2.2;1.9
AG7321;TEFLON;38.0;2.2;2.0
AG7322;TEFLON;36.0;2.3;1.6
AG7345;TEFLON;82.0;1.25;3.0
AG7348;TEFLON;65.0;4.0;2.7
AG7371;TEFLON;136.0;6.9;2.4
AG7373;TEFLON;134.5;1.3;3.0
AG7408;TEFLON;101.6;1.25;3.0
AG7411;TEFLON;108.0;1.2;3.0
AG7412;TEFLON;125.4;1.25;2.7
AG7416;TEFLON;38.8;1.8;3.4
AG7419;TEFLON;123.4;3.0;3.7
AG7424;TEFLON;70.0;4.9;1.85
AG7450;TEFLON;95.25;8.8;2.4
AG7453;TEFLON;127.0;11.3;3.7
AG7456;TEFLON;114.3;8.8;2.4
AG7459;TEFLON;88.9;8.8;2.5
AG7462;TEFLON;101.6;8.8;2.4
AG7463;TEFLON;55.0;1.3;2.5
AG7465;TEFLON;28.0;40.8;3.0
AG7468;TEFLON;43.4;1.1;1.7
AG7472;TEFLON;75.0;8.8;2.5
AG7489;TEFLON;50.8;1.58;3.2
AG7494;TEFLON;50.8;3.0;1.6
AG7501;TEFLON;56.3;3.8;1.65
AG7528;TEFLON;149.5;10.0;4.0
AG7529;TEFLON;71.5;10.0;4.0
AG7561;TEFLON;41.6;3.0;1.6
AG7573;TEFLON;114.8;6.2;2.95
AG7575;TEFLON;55.0;3.9;2.8
AG7583;TEFLON;9.6;2.5;1.3
AG7592;TEFLON;65.0;4.0;2.8
AG7614;TEFLON;50.0;4.2;2.65
AG7625;TEFLON;147.0;9.2;3.65
AG7627;TEFLON;14.27;1.35;2.18
AG7636;TEFLON;31.75;1.5;3.2
AG7657;TEFLON;31.0;2.5;1.5
AG7692;TEFLON;101.6;9.3;3.2
AG7696;TEFLON;57.4;3.0;1.6
AG7705;TEFLON;6.0;8.0;2.7
AG7731;TEFLON;79.4;12.0;3.0
AG7733;TEFLON;124.5;15.8;3.7
AG7750;TEFLON;115.0;7.9;5.0
AG7785;TEFLON;132.1;8.0;4.0
AG7786;TEFLON;122.9;7.9;4.0
AG7787;TEFLON;61.0;6.0;2.7
AG7789;TEFLON;110.1;7.9;3.2
AG7790;TEFLON;90.6;6.0;2.5
AG7791;TEFLON;101.6;7.5;3.75
AG7794;TEFLON;103.1;3.6;3.0
AG7808;TEFLON;130.0;6.0;4.0
AG7818;TEFLON;120.0;7.9;3.0
AG7820;TEFLON;67.7;1.3;2.5
AG7832;TEFLON;25.75;1.5;4.0
AG7833;TEFLON;28.0;5.0;1.9
AG7837;TEFLON;33.2;7.2;2.85
AG7841;TEFLON;130.0;7.5;3.7
AG7856;TEFLON;76.0;2.85;3.0
AG7876;TEFLON;70.0;4.5;2.5
AG7916;TEFLON;42.1;1.95;1.95
AG7917;TEFLON;150.0;9.7;4.0
AG7956;TEFLON;63.5;3.9;2.3
AG7962;TEFLON;35.9;1.3;2.2
AG7979;TEFLON;104.6;2.0;4.8
AG7993;TEFLON;61.5;8.0;2.9
AG7996;TEFLON;27.7;2.0;1.85
AG8000;TEFLON;60.0;1.4;2.85
AG8005;TEFLON;105.0;3.8;2.5
AG8019;TEFLON;28.4;3.0;1.82
AG8020;TEFLON;51.2;4.0;2.8
AG8021;TEFLON;70.4;4.0;2.8
AG8022;TEFLON;106.0;6.1;3.3
AG8023;TEFLON;108.9;6.1;3.3
AG8024;TEFLON;116.0;6.1;3.3
AG8025;TEFLON;161.0;7.9;4.6
AG8026;TEFLON;141.0;7.9;4.6
AG8027;TEFLON;102.6;6.1;3.3
AG8051;TEFLON;63.6;4.0;2.67
AG8052;TEFLON;111.0;6.1;3.3
AG8061;TEFLON;100.0;8.0;4.0
AG8063;TEFLON;80.0;4.0;3.0
AG8071;TEFLON;150.0;9.5;3.5
AG8088;TEFLON;45.0;4.0;2.68
AG8091;TEFLON;127.0;1.25;3.2
AG8098;TEFLON;95.0;8.0;2.4
AG8101;TEFLON;105.0;8.0;4.0
AG8104;TEFLON;63.5;3.0;2.6
AG8106;TEFLON;86.0;3.0;3.5
AG8115;TEFLON;28.95;3.0;1.55
AG8116;TEFLON;19.5;3.0;1.8
AG8117;TEFLON;32.1;3.0;1.85
AG8129;TEFLON;12.1;2.0;1.2
AG8133;TEFLON;155.6;1.35;2.8
AG8168;TEFLON;21.7;1.2;1.6
AG8171;TEFLON;27.0;3.2;1.5
AG8176;TEFLON;30.7;40.5;3.0
AG8177;TEFLON;36.0;3.2;1.5
AG8184;TEFLON;63.5;4.0;3.0
AG8199;TEFLON;160.0;1.4;5.0
AG8200;TEFLON;134.6;1.4;4.8
AG8206;TEFLON;35.0;5.0;1.8
AG8222;TEFLON;32.0;0.8;1.85
AG8271;TEFLON;177.0;2.3;4.0
AG8273;TEFLON;88.9;9.5;3.2
AG8286;TEFLON;35.5;6.0;2.0
AG8287;TEFLON;32.0;2.8;2.2
AG8299;TEFLON;59.0;3.8;1.65
AG8312;TEFLON;35.0;1.3;2.65
AG8313;TEFLON;89.0;4.0;3.0
AG8314;TEFLON;85.0;4.0;3.0
AG8318;TEFLON;75.0;7.8;2.5
AG8341;TEFLON;63.5;6.0;3.55
AG8351;TEFLON;70.0;3.0;4.75
AG8373;TEFLON;86.0;6.0;3.9
AG8374;TEFLON;64.4;1.0;4.5
AG8390;TEFLON;38.1;4.0;2.2
AG8452;TEFLON;38.1;3.0;2.2
AG8455;TEFLON;31.5;2.2;0.8
AG8466;TEFLON;65.0;6.0;3.5
AG8489;TEFLON;82.55;8.7;2.4
AG8496;TEFLON;111.0;7.9;4.61
AX0185;TEFLON;125.0;9.5;3.5
AX0327;TEFLON;226.0;7.9;4.6
CX5454;TEFLON;46.2;2.5;2.35
CX5919;TEFLON;80.0;2.3;1.85
CX5930;TEFLON;67.0;2.0;1.8
CX5986;TEFLON;22.7;2.2;1.75
CX5988;TEFLON;51.0;2.0;2.0
CX5990;TEFLON;52.0;3.8;1.0
CX5991;TEFLON;101.6;2.3;1.8
CX5995;TEFLON;53.7;2.0;1.85
CX5996;TEFLON;32.0;2.5;1.85
CX5997;TEFLON;111.0;2.3;1.9
CX6034;TEFLON;55.0;2.0;1.7
CX6046;TEFLON;72.0;1.8;2.8
CX6047;TEFLON;84.5;1.5;2.0
CX6058;TEFLON;51.0;2.0;1.0
CX6070;TEFLON;41.2;2.0;2.75
CX6071;TEFLON;52.0;2.0;1.25
CX6073;TEFLON;85.0;1.1;2.5
CX6082;TEFLON;65.0;2.0;1.6
CX6083;TEFLON;65.0;2.0;1.7
CX6085;TEFLON;71.5;1.5;2.1
CX6094;TEFLON;69.0;2.0;2.3
CX6095;TEFLON;90.0;1.5;2.0
CX6097;TEFLON;69.5;1.5;2.0
CX6839;TEFLON;89.3;3.3;1.35
CX7089;TEFLON;36.5;2.0;1.5
CX7090;TEFLON;50.0;2.1;1.6
CX7159;TEFLON;44.3;2.0;1.75
CX7235;TEFLON;42.8;2.15;1.6
CX7241;TEFLON;50.2;2.5;1.75
CX7244;TEFLON;40.3;2.5;1.8
CX7258;TEFLON;27.9;3.0;1.4
CX7259;TEFLON;29.0;2.0;1.4
CX7260;TEFLON;27.5;2.0;1.25
CX7261;TEFLON;37.2;2.0;1.25
CX7340;TEFLON;42.7;1.9;1.6
CX7341;TEFLON;41.5;2.5;1.85
CX7394;TEFLON;42.0;2.4;1.5
CX7395;TEFLON;38.0;1.85;1.45
CX7396;TEFLON;118.4;2.9;1.9
CX7493;TEFLON;51.6;2.0;3.7
CX7858;TEFLON;39.0;2.0;1.8
CX8140;TEFLON;38.3;1.8;1.7
CX8378;TEFLON;34.0;1.9;1.65
CX8399;TEFLON;33.9;1.9;1.2
CX8412;TEFLON;38.5;1.9;1.8
CX8423;TEFLON;45.0;2.2;2.2
CX8453;TEFLON;45.5;2.0;2.0
CX8526;TEFLON;38.6;2.5;1.8
CX8531;TEFLON;45.0;3.1;2.45
CX8532;TEFLON;36.0;1.8;1.25
CX8540;TEFLON;54.0;2.5;1.8
CX8549;TEFLON;67.8;2.0;1.9
CX8562;TEFLON;33.0;1.9;1.2
CX8563;TEFLON;32.0;1.95;1.0
CX8565;TEFLON;101.0;2.5;2.4
CX8591;TEFLON;52.5;2.65;1.5
CX8592;TEFLON;83.0;2.9;1.65
CX8593;TEFLON;106.5;2.9;1.75
CX8595;TEFLON;100.4;2.9;1.7
CX8625;TEFLON;44.0;2.0;1.5
CX8633;TEFLON;54.5;2.6;2.5
CX8635;TEFLON;20.4;1.55;1.55
CX8636;TEFLON;22.0;1.5;1.5
CX8637;TEFLON;15.4;18.4;1.5
CX8643;TEFLON;50.0;2.0;1.8
CX8668;TEFLON;35.8;1.85;1.6
CX8670;TEFLON;32.7;1.75;1.55
CX8671;TEFLON;48.0;2.55;1.8
CX8673;TEFLON;36.5;1.95;1.6
CX8675;TEFLON;38.0;2.2;1.85
CX8676;TEFLON;36.7;2.0;1.6
CX8687;TEFLON;42.0;2.35;2.2
CX8700;TEFLON;38.0;2.55;1.1
CX8703;TEFLON;36.8;3.0;5.8
CX8710;TEFLON;46.0;2.0;1.6
CX8713;TEFLON;33.5;1.95;1.75
CX8718;TEFLON;47.0;2.0;1.8
CX8719;TEFLON;43.0;2.5;1.75
CX8721;TEFLON;42.7;3.3;1.4
CX8722;TEFLON;54.4;3.3;1.55
CX8726;TEFLON;47.5;2.5;2.0
CX8740;TEFLON;38.2;2.45;3.2
CX8743;TEFLON;52.0;2.0;2.0
CX8750;TEFLON;13.3;6.3;1.25
CX8751;TEFLON;94.0;2.9;1.8
CX8783;TEFLON;104.7;2.2;1.85
CX9008;TEFLON;38.0;2.5;1.5
CX9026;TEFLON;33.3;4.3;4.3
CX9027;TEFLON;47.7;2.8;1.7
CX9028;TEFLON;34.0;3.5;1.0
CX9029;TEFLON;29.0;2.0;1.75
CX9030;TEFLON;41.4;2.3;2.2
CX9031;TEFLON;59.9;1.9;2.95
CX9032;TEFLON;30.5;2.0;1.8
CX9033;TEFLON;47.6;2.7;1.8
CX9034;TEFLON;26.0;2.0;1.3
CX9035;TEFLON;44.4;1.6;6.3
CX9036;TEFLON;38.0;2.0;1.3
CX9037;TEFLON;40.0;2.0;1.3
CX9038;TEFLON;35.0;2.0;1.4
CX9039;TEFLON;32.5;2.0;4.2
CX9049;TEFLON;40.8;1.9;1.9
CX9052;TEFLON;41.5;2.5;1.75
CX9063;TEFLON;20.0;2.0;1.0
CX9070;TEFLON;35.8;1.9;1.9
CX9081;TEFLON;53.0;2.2;2.2
CX9090;TEFLON;41.7;2.0;1.6
CX9092;TEFLON;40.0;1.95;1.5
CX9093;TEFLON;36.0;1.7;1.5
CX9094;TEFLON;41.4;2.1;2.2
CX9097;TEFLON;28.52;1.8;1.16
CX9117;TEFLON;38.0;2.0;1.1
CX9119;TEFLON;45.0;2.0;2.55
CX9120;TEFLON;45.0;3.5;1.8
CX9121;TEFLON;48.0;2.0;1.0
CX9131;TEFLON;68.0;2.0;2.0
CX9132;TEFLON;40.0;2.5;1.75
CX9134;TEFLON;35.0;2.5;1.8
CX9135;TEFLON;51.0;2.5;1.6
CX9138;TEFLON;25.3;1.7;1.5
CX9139;TEFLON;80.0;2.2;1.8
CX9140;TEFLON;48.0;2.9;1.8
CX9141;TEFLON;25.0;3.8;1.0
CX9142;TEFLON;40.0;2.0;1.9
CX9143;TEFLON;29.0;1.65;3.1
CX9144;TEFLON;40.3;4.35;3.1
CX9145;TEFLON;30.0;2.5;1.95
CX9172;TEFLON;37.2;2.4;1.75
CX9175;TEFLON;40.0;2.3;2.3
CX9198;TEFLON;70.5;2.8;1.7
CX9200;TEFLON;39.0;2.0;2.0
CX9214;TEFLON;80.0;2.7;1.8
CX9215;TEFLON;51.5;2.1;1.5
CX9217;TEFLON;41.5;4.6;2.5
CX9218;TEFLON;22.0;1.0;2.3
CX9221;TEFLON;36.2;2.5;1.75
CX9238;TEFLON;42.0;3.0;2.2
CX9240;TEFLON;33.0;2.5;2.0
CX9259;TEFLON;43.3;2.0;1.35
CX9261;TEFLON;11.4;2.2;1.5
CX9262;TEFLON;10.0;1.9;2.0
CX9263;TEFLON;42.9;2.0;1.85
CX9338;TEFLON;50.0;2.5;2.0
CX9339;TEFLON;44.4;2.6;1.7
CX9355;TEFLON;9.8;1.8;1.5
CX9360;TEFLON;50.8;2.0;1.75
CX9367;TEFLON;84.0;1.1;2.6
CX9378;TEFLON;59.0;2.0;1.75
CX9379;TEFLON;38.0;2.2;1.5
CX9381;TEFLON;38.5;2.0;1.5
CX9435;TEFLON;32.5;2.2;1.55
CX9436;TEFLON;36.0;1.9;1.5
CX9438;TEFLON;49.7;2.4;1.6
CX9440;TEFLON;38.5;2.2;1.9
CX9441;TEFLON;41.5;2.3;2.25
CX9442;TEFLON;48.0;2.9;1.9
CX9443;TEFLON;111.0;2.3;1.9
CX9448;TEFLON;42.0;2.0;2.0
CX9449;TEFLON;69.0;2.3;1.7
CX9450;TEFLON;70.0;3.0;1.8
CX9451;TEFLON;26.5;2.0;0.8
CX9452;TEFLON;20.0;2.0;0.8
CX9453;TEFLON;24.7;1.6;1.6
CX9454;TEFLON;28.5;2.0;1.3
CX9455;TEFLON;16.6;1.2;1.3
CX9456;TEFLON;22.0;1.8;1.0
CX9457;TEFLON;13.7;1.6;1.1
CX9459;TEFLON;37.5;4.0;1.3
CX9461;TEFLON;39.5;2.0;1.7
CX9463;TEFLON;45.0;2.0;1.3
CX9466;TEFLON;47.8;2.0;1.9
CX9467;TEFLON;51.5;2.2;1.3
CX9469;TEFLON;70.0;1.0;2.1
CX9470;TEFLON;71.0;2.3;1.8
CX9471;TEFLON;74.0;2.2;1.5
CX9477;TEFLON;44.0;2.5;1.8
CX9478;TEFLON;46.4;2.1;1.6
CX9480;TEFLON;45.5;2.0;1.6
CX9488;TEFLON;48.4;2.0;1.8
CX9492;TEFLON;13.7;2.1;2.45
CX9513;TEFLON;42.5;2.5;1.75
CX9518;TEFLON;45.7;1.8;1.8
CX9520;TEFLON;24.3;1.5;1.55
CX9521;TEFLON;37.5;2.4;2.35
CX9522;TEFLON;41.5;2.0;1.85
CX9524;TEFLON;43.5;2.0;1.0
CX9525;TEFLON;42.0;3.5;1.8
CX9528;TEFLON;35.0;2.0;2.65
CX9545;TEFLON;40.0;4.5;1.25
CX9553;TEFLON;46.2;1.9;1.85
CX9616;TEFLON;50.8;1.9;1.9
CX9664;TEFLON;48.7;2.0;1.25
CX9681;TEFLON;60.8;2.2;1.8
CX9699;TEFLON;45.6;3.7;4.5
CX9705;TEFLON;48.9;2.4;2.3
CX9713;TEFLON;37.1;2.5;2.0
CX9717;TEFLON;32.6;1.8;0.95
CX9724;TEFLON;38.2;1.95;2.35
CX9752;TEFLON;2.3;1.6;
CX9753;TEFLON;40.15;2.5;1.7
CX9756;TEFLON;23.5;2.3;1.4
CX9762;TEFLON;35.2;4.0;1.35
CX9794;TEFLON;40.6;2.0;1.3
CX9800;TEFLON;38.0;2.0;1.85
CX9823;TEFLON;39.8;3.0;2.1
CX9824;TEFLON;45.3;2.0;1.75
CX9831;TEFLON;43.0;2.4;2.5
CX9844;TEFLON;70.0;2.2;1.6
CX9859;TEFLON;34.4;1.0;4.5
CX9866;TEFLON;33.4;1.8;1.5
CX9867;TEFLON;48.0;2.5;1.5
CX9984;TEFLON;36.9;1.8;1.55
CX9985;TEFLON;44.7;1.9;1.9
CX9986;TEFLON;38.0;1.9;2.25
CX9987;TEFLON;22.7;1.8;1.25
CX9988;TEFLON;43.0;1.5;2.0
CX9989;TEFLON;41.5;1.85;2.0
CX9992;TEFLON;20.2;2.0;1.3
CX9993;TEFLON;34.0;2.1;2.2
CX9994;TEFLON;43.0;2.4;1.25
