Codigo;Tipo;Interno;Externo;Altura
1036;QUAD;134.0;144.0;3.0
1200;QUAD;86.7;96.9;5.1
1245;QUAD;74.3;87.7;5.2
1246;QUAD;58.7;71.9;5.0
1248;QUAD;102.5;112.7;3.5
1250;QUAD;183.3;189.0;4.0
1251;QUAD;137.8;145.8;2.2
1252;QUAD;75.2;85.4;5.1
1253;QUAD;146.6;158.6;6.0
1257;QUAD;106.6;113.6;3.5
1261;QUAD;194.0;204.0;3.7
1264;QUAD;133.8;143.8;5.0
1265;QUAD;83.6;93.6;5.2
1266;QUAD;71.0;81.0;5.0
1267;QUAD;58.6;68.6;5.0
1269;QUAD;120.0;130.2;3.1
1271;QUAD;49.0;59.0;5.0
1272;QUAD;109.0;119.4;5.0
1274;QUAD;45.5;55.5;5.0
1276;QUAD;141.8;151.8;3.0
1277;QUAD;67.6;78.0;5.2
1278;QUAD;62.0;72.0;5.0
1279;QUAD;82.0;96.0;6.5
1280;QUAD;92.7;105.3;6.6
1281;QUAD;108.2;122.0;6.5
1283;QUAD;90.0;103.0;5.1
1284;QUAD;131.2;145.1;6.4
1285;QUAD;113.6;123.8;5.0
1286;QUAD;101.0;111.0;5.0
1295;QUAD;97.4;108.8;5.0
1296;QUAD;104.0;116.0;4.7
1297;QUAD;120.5;136.1;7.6
1298;QUAD;128.8;146.6;8.4
1299;QUAD;139.8;158.8;7.0
1300;QUAD;159.1;177.3;7.7
1309;QUAD;108.0;123.0;7.7
1310;QUAD;82.5;94.5;4.4
1311;QUAD;183.0;204.0;7.7
1312;QUAD;73.6;83.0;3.6
1313;QUAD;62.0;72.0;3.7
1336;QUAD;66.0;76.0;5.0
1349;QUAD;61.2;66.4;5.4
1350;QUAD;73.6;80.0;3.2
1352;QUAD;76.6;82.0;5.4
1371;QUAD;72.0;83.0;2.0
1376;QUAD;64.8;74.4;2.0
1378;QUAD;64.0;70.0;3.0
1392;QUAD;72.0;82.6;3.0
1399;QUAD;84.0;88.0;3.0
1433;QUAD;39.0;60.0;10.0
1690;QUAD;82.7;96.3;5.0
1726;QUAD;54.4;60.4;2.5
1887;QUAD;113.5;121.5;4.0
1899;QUAD;56.0;66.0;5.0
1903;QUAD;97.7;105.7;4.0
1907;QUAD;107.8;121.0;5.0
1965;QUAD;87.6;104.0;6.35
3018;QUAD;118.5;135.0;6.5
3021;QUAD;103.4;119.6;6.3
3203;QUAD;81.2;91.4;5.2
3204;QUAD;94.0;104.0;5.0
3233;QUAD;110.0;118.0;5.0
3234;QUAD;144.2;150.2;4.0
3312;QUAD;77.4;87.8;4.0
3322;QUAD;95.5;111.6;12.4
3350;QUAD;306.0;313.0;3.5
3376;QUAD;35.8;41.0;5.4
3378;QUAD;45.0;50.0;5.0
3471;QUAD;68.2;75.8;3.7
3519;QUAD;190.0;197.0;3.5
3520;QUAD;130.5;137.5;3.5
3532;QUAD;72.6;82.8;2.5
3570;QUAD;74.5;85.9;10.0
3677;QUAD;157.8;171.8;7.0
3678;QUAD;132.5;145.5;6.8
4167;QUAD;73.95;84.15;6.9
4250;QUAD;15.4;22.4;8.5
4252;QUAD;42.0;50.0;6.5
4527;QUAD;342.0;349.0;3.8
5031;QUAD;14.0;19.4;2.7
5032;QUAD;9.0;12.4;1.7
5033;QUAD;12.0;15.0;1.5
5034;QUAD;56.7;61.7;2.5
5041;QUAD;11.0;14.5;1.5
5042;QUAD;7.0;11.0;1.7
5046;QUAD;32.5;37.5;2.5
5050;QUAD;25.0;29.0;2.0
5054;QUAD;19.0;25.5;3.2
5080;QUAD;52.8;59.6;3.5
5086;QUAD;138.0;145.0;1.5
5090;QUAD;90.0;96.8;3.4
5109;QUAD;9.7;16.0;3.2
5121;QUAD;72.5;79.3;3.4
5173;QUAD;22.8;34.2;3.5
5174;QUAD;22.2;28.6;3.2
5182;QUAD;31.7;37.8;6.5
5196;QUAD;64.3;69.3;2.5
5200;QUAD;41.2;46.2;6.2
5228;QUAD;75.2;82.4;3.6
5235;QUAD;65.6;70.6;5.4
5237;QUAD;25.0;32.0;3.5
5331;QUAD;84.0;91.0;4.6
5338;QUAD;323.5;333.5;4.8
5341;QUAD;39.0;44.0;2.5
5344;QUAD;21.5;26.5;2.7
5350;QUAD;63.0;69.8;3.4
5360;QUAD;30.7;36.1;2.7
5376;QUAD;21.0;26.0;2.7
5390;QUAD;53.0;58.0;3.2
5393;QUAD;18.4;21.0;1.5
5400;QUAD;36.3;46.3;5.0
5426;QUAD;78.3;84.9;3.3
5429;QUAD;100.4;107.0;3.5
5439;QUAD;26.7;38.7;3.0
5450;QUAD;46.1;50.5;1.8
5467;QUAD;116.0;126.2;5.1
5487;QUAD;55.5;60.5;3.4
5542;QUAD;57.2;62.2;2.5
5546;QUAD;40.7;47.7;7.0
5592;QUAD;89.5;94.5;3.3
5593;QUAD;90.0;96.0;3.0
5594;QUAD;100.0;106.4;3.2
5607;QUAD;103.3;117.3;7.0
5628;QUAD;48.0;63.0;1.5
5630;QUAD;37.4;45.0;1.0
5631;QUAD;42.3;53.6;2.8
5634;QUAD;80.0;95.8;6.7
5655;QUAD;58.0;70.0;6.0
5681;QUAD;108.5;120.7;6.1
5691;QUAD;36.2;46.0;5.3
5692;QUAD;82.3;95.0;6.35
5693;QUAD;94.8;107.0;6.1
5714;QUAD;113.2;119.2;6.3
5766;QUAD;63.1;68.1;2.5
5798;QUAD;69.0;84.0;7.5
5857;QUAD;148.4;168.4;2.0
5927;QUAD;88.2;93.2;9.3
5942;QUAD;41.3;54.3;2.4
5974;QUAD;109.0;118.0;6.6
5997;QUAD;64.0;75.0;5.2
6034;QUAD;53.6;58.8;6.2
6055;QUAD;19.0;25.8;5.0
6107;QUAD;87.5;93.5;6.5
6133;QUAD;37.55;41.75;3.45
6134;QUAD;66.8;71.2;2.5
6135;QUAD;56.0;62.4;3.25
6137;QUAD;111.0;122.6;3.3
6140;QUAD;7.7;13.9;2.6
6143;QUAD;112.0;125.0;4.5
6160;QUAD;110.0;115.0;1.8
6191;QUAD;63.3;77.9;7.3
6203;QUAD;59.8;69.8;7.0
6223;QUAD;77.8;93.8;7.1
6228;QUAD;73.4;86.0;5.4
6231;QUAD;54.0;66.0;5.3
6262;QUAD;25.0;31.6;3.5
6304;QUAD;106.0;123.0;6.0
6305;QUAD;165.0;182.0;6.0
6359;QUAD;67.7;78.7;3.6
6396;QUAD;293.2;300.2;3.5
6398;QUAD;278.5;285.1;3.5
6400;QUAD;59.0;65.0;4.0
6439;QUAD;98.8;113.8;7.0
6479;QUAD;58.0;74.0;6.3
6489;QUAD;61.4;70.8;5.0
6541;QUAD;114.0;130.5;6.4
6649;QUAD;103.0;119.5;6.5
6653;QUAD;69.5;82.5;7.5
6667;QUAD;68.0;77.0;3.6
6690;QUAD;45.1;47.9;1.3
6704;QUAD;369.3;375.7;3.2
6705;QUAD;238.75;245.15;3.2
6717;QUAD;44.15;57.35;6.5
6719;QUAD;56.85;70.0;6.5
6783;QUAD;5.8;14.9;2.0
6786;QUAD;66.0;71.0;2.5
6826;QUAD;38.7;45.6;3.6
6847;QUAD;107.7;114.6;3.45
6863;QUAD;35.0;45.6;5.0
6871;QUAD;54.7;60.7;3.2
6883;QUAD;169.0;183.6;4.4
6888;QUAD;26.0;35.0;5.0
6889;QUAD;120.35;133.55;6.5
6892;QUAD;95.0;108.0;6.5
6894;QUAD;145.75;158.95;6.5
6896;QUAD;139.4;152.6;6.5
6898;QUAD;133.05;146.25;6.5
6899;QUAD;105.66;118.85;6.5
6927;QUAD;124.3;137.3;6.5
6938;QUAD;185.1;2.7;4.7
6939;QUAD;219.3;228.7;2.7
6989;QUAD;56.5;62.1;5.0
9002;QUAD;88.0;96.0;7.5
9054;QUAD;42.8;48.0;2.6
9100;QUAD;81.4;84.4;1.5
9116;QUAD;6.0;10.0;2.0
9126;QUAD;55.0;66.2;3.0
9159;QUAD;12.4;19.0;3.3
9254;QUAD;50.0;56.6;2.35
9294;QUAD;8.6;12.0;1.5
9351;QUAD;46.8;50.0;1.6
9352;QUAD;45.5;50.5;2.5
9360;QUAD;98.2;113.0;9.0
9378;QUAD;84.5;96.5;5.1
9391;QUAD;123.0;130.0;3.5
9462;QUAD;51.4;58.0;3.1
9484;QUAD;28.0;35.0;3.5
9501;QUAD;196.5;213.0;6.5
9505;QUAD;43.6;56.6;5.0
9556;QUAD;10.5;23.0;2.3
9578;QUAD;70.3;83.5;5.4
9579;QUAD;132.4;139.0;3.5
9587;QUAD;51.6;66.0;5.0
9593;QUAD;30.3;35.3;2.0
9653;QUAD;24.2;27.2;2.0
9654;QUAD;10.7;14.3;2.2
9706;QUAD;7.0;20.0;3.0
9708;QUAD;21.6;25.2;1.65
9709;QUAD;23.2;28.3;3.5
9768;QUAD;96.6;100.6;2.7
9798;QUAD;81.5;85.3;2.0
9821;QUAD;82.0;87.0;2.5
9822;QUAD;114.0;120.8;3.4
9840;QUAD;28.5;35.5;3.6
9930;QUAD;18.5;22.0;1.7
9970;QUAD;66.0;70.0;3.0
9971;QUAD;47.0;51.6;2.5
9972;QUAD;49.5;52.5;2.0
9973;QUAD;39.0;41.6;1.8
AG7030;QUAD;62.3;68.7;3.2
AG7054;QUAD;125.4;133.0;6.5
AG7062;QUAD;126.0;133.0;3.5
AG7084;QUAD;60.0;66.0;3.0
AG7102;QUAD;97.8;115.0;6.5
AG7116;QUAD;96.7;101.5;3.0
AG7117;QUAD;99.0;104.0;2.7
AG7123;QUAD;49.0;53.8;3.0
AG7131;QUAD;98.0;111.0;6.5
AG7177;QUAD;120.0;132.0;2.4
AG7205;QUAD;107.65;120.65;6.5
AG7255;QUAD;58.3;63.5;2.6
AG7337;QUAD;113.7;118.7;2.5
AG7343;QUAD;101.4;104.6;2.7
AG7344;QUAD;50.0;53.0;1.5
AG7372;QUAD;121.9;132.3;5.2
AG7379;QUAD;97.5;102.5;3.5
AG7429;QUAD;127.2;143.7;6.5
AG7430;QUAD;105.0;112.0;3.9
AG7441;QUAD;100.0;125.0;7.0
AG7444;QUAD;44.0;56.0;5.0
AG7470;QUAD;59.0;70.5;5.5
AG7497;QUAD;44.0;50.8;2.3
AG7498;QUAD;59.8;64.2;3.7
AG7504;QUAD;95.9;108.9;5.0
AG7505;QUAD;66.0;76.7;3.7
AG7516;QUAD;146.7;156.3;5.0
AG7530;QUAD;135.8;142.0;9.0
AG7533;QUAD;66.0;72.0;3.5
AG7534;QUAD;84.2;90.2;3.5
AG7558;QUAD;49.0;55.2;15.0
AG7559;QUAD;35.0;41.0;15.0
AG7567;QUAD;69.5;82.0;4.8
AG7571;QUAD;57.5;63.7;14.0
AG7628;QUAD;46.7;58.5;4.5
AG7637;QUAD;50.17;60.49;5.16
AG7638;QUAD;88.27;98.59;5.16
AG7639;QUAD;105.0;111.6;3.5
AG7644;QUAD;128.0;138.4;5.2
AG7729;QUAD;69.5;79.5;3.5
AG7804;QUAD;148.0;157.0;3.3
AG7805;QUAD;176.5;185.5;3.3
AG7819;QUAD;98.0;114.5;6.4
AG7858;QUAD;25.0;31.8;5.0
AG7865;QUAD;13.5;18.2;2.3
AG7902;QUAD;27.8;36.2;4.0
AG7920;QUAD;113.6;118.5;3.5
AG7972;QUAD;53.4;58.4;5.3
AG7991;QUAD;37.2;47.0;5.0
AG7992;QUAD;98.6;110.6;6.3
AG7994;QUAD;58.0;66.0;3.1
AG8035;QUAD;69.5;82.5;6.4
AG8080;QUAD;114.2;127.2;6.5
AG8081;QUAD;58.0;65.4;3.4
AG8089;QUAD;137.0;152.6;6.5
AG8097;QUAD;74.0;91.0;6.5
AG8102;QUAD;94.0;110.6;7.0
AG8107;QUAD;150.5;160.5;2.5
AG8202;QUAD;9.7;23.1;1.9
AG8203;QUAD;12.0;25.4;1.8
AG8208;QUAD;19.8;27.8;6.8
AG8209;QUAD;10.2;21.2;8.0
AG8214;QUAD;318.5;325.5;3.5
AG8280;QUAD;59.7;69.7;3.7
AG8309;QUAD;53.5;71.1;6.5
AG8319;QUAD;59.8;69.8;5.8
AG8321;QUAD;100.0;104.0;2.0
AG8427;QUAD;76.5;88.5;3.5
AG8447;QUAD;177.0;193.6;6.0
AG8448;QUAD;98.0;104.6;3.5
AG8527;QUAD;31.75;35.2;4.2
CX5218;QUAD;69.5;76.5;3.5
CX5898;QUAD;56.0;66.0;3.0
CX5964;QUAD;50.0;60.0;3.0
CX5965;QUAD;54.0;65.0;3.0
CX6001;QUAD;52.0;57.0;2.5
CX6007;QUAD;23.4;27.0;1.8
CX6033;QUAD;39.5;50.3;3.0
CX6045;QUAD;44.2;55.3;3.0
CX6280;QUAD;78.5;83.3;2.4
CX6769;QUAD;58.8;69.8;3.0
CX8602;QUAD;101.0;104.0;1.65
CX8775;QUAD;106.0;111.4;2.6
CX9151;QUAD;21.0;24.0;3.0
CX9192;QUAD;116.5;130.3;3.0
CX9213;QUAD;25.0;29.0;3.0
N10042;QUAD;6.2;10.2;6.0
N10108;QUAD;8.0;18.0;5.0
N10186;QUAD;25.0;31.5;5.5
N10275;QUAD;6.1;8.4;3.8
N10379;QUAD;29.8;33.8;2.0
